{
  "project_info": {
    "project_number": "973630683810",
    "project_id": "quiz-app-63536",
    "storage_bucket": "quiz-app-63536.appspot.com"
  },
  "client": [
    {
      "client_info": {
        "mobilesdk_app_id": "1:973630683810:android:c8a3a3b63913937b3435fb",
        "android_client_info": {
          "package_name": "com.example.quiz_app"
        }
      },
      "oauth_client": [
        {
          "client_id": "973630683810-4v974ej72nqbipg415trm0cj0v84rd8m.apps.googleusercontent.com",
          "client_type": 3
        }
      ],
      "api_key": [
        {
          "current_key": "AIzaSyAmscSHvJynK_GONpHj2kvn2u8Y2ZYtI6A"
        }
      ],
      "services": {
        "appinvite_service": {
          "other_platform_oauth_client": [
            {
              "client_id": "973630683810-4v974ej72nqbipg415trm0cj0v84rd8m.apps.googleusercontent.com",
              "client_type": 3
            }
          ]
        }
      }
    }
  ],
  "configuration_version": "1"
}